<!--
* Copyright (C) 2014, Freescale Semiconductor, Inc. All Rights Reserved.
* The CFG element contains a list of recognized usb devices.
*  DEV elements provide a name, class, vid and pid for each device.
*
* Each LIST element contains a list of update instructions.
*  "Install" - Erase media and install firmware.
*  "Update" - Update firmware only.
*
* Each CMD element contains one update instruction of attribute type.
*  "pull" - Does UtpRead(body, file) transaction.
*  "push" - Does UtpWrite(body, file) transaction.
*  "drop" - Does UtpCommand(body) then waits for device to disconnect.
*  "boot" - Finds configured device, forces it to "body" device and downloads "file".
*  "find" - Waits for "timeout" seconds for the "body" device to connect.
*  "show" - Parse and show device info in "file".  
-->


<UCL>
  <CFG>
    <STATE name="BootStrap" dev="VYBRID" vid="15A2" pid="006A"/>
    <STATE name="Updater"   dev="MSC" vid="066F" pid="37FF"/> 
  </CFG>

  <LIST name="vybrid-nand-uboot" desc="Boot Vybrid FW">
    <CMD state="BootStrap" type="boot" body="BootStrap" file ="u-boot_nand_2k_uart0.vybrid" >Loading U-boot</CMD>
    <CMD state="BootStrap" type="jump" > Jumping to OS image. </CMD>
	<CMD state="Updater" type="push" body="nandinit addr=0x80000">Initializing NAND</CMD>   
    <CMD state="Updater" type="push" body="pipenand addr=0x80000" file="files/u-boot-nand-uart0.vybrid">Sending and writing NAND U-Boot</CMD>
    
    	<CMD state="Updater" type="push" body="nandinik addr=0x100000">Initializing NAND</CMD>   
    <CMD state="Updater" type="push" body="pipenand addr=0x100000" file="files/u-boot-nand-uart0.vybrid">Sending and writing NAND U-Boot back up</CMD>
   
    <CMD state="Updater" type="push" body="nandinik addr=0x60000">Initializing NAND for DT</CMD>  
    <CMD state="Updater" type="push" body="pipenand addr=0x60000" file="files/vf610-twr.dtb">Sending and writing NAND Device Tree</CMD>
    
    <CMD state="Updater" type="push" body="nandinik addr=0x180000">Initializing NAND for kernel</CMD>     
    <CMD state="Updater" type="push" body="pipenand addr=0x180000" file="files/uImage">Sending and writing NAND kernel</CMD>
    
        <CMD state="Updater" type="push" body="nandinik addr=0x500000">Initializing NAND for kernel</CMD>     
    <CMD state="Updater" type="push" body="pipenand addr=0x500000" file="files/uImage-initramfs">Sending and writing NAND kernel for recovery</CMD>
 
    <CMD state="Updater" type="push" body="nandinik addr=0xa00000">Initializing NAND for ubifs</CMD>     
    <CMD state="Updater" type="push" body="pipenand addr=0xa00000" file="files/rootfs.ubi">Sending and writing NAND ubifs</CMD>

    <CMD state="Updater" type="push" body="$ !">Done</CMD>
  </LIST>



</UCL>
